<?xml version="1.0" encoding="UTF-8"?>
<beans:beans xmlns="http://www.springframework.org/schema/security"
	xmlns:beans="http://www.springframework.org/schema/beans" xmlns:xsi="http://www.w3.org/2001/XMLSchema-instance"
	xsi:schemaLocation="http://www.springframework.org/schema/beans
		http://www.springframework.org/schema/beans/spring-beans.xsd
		http://www.springframework.org/schema/security
		http://www.springframework.org/schema/security/spring-security.xsd">

	<!-- <http> <intercept-url pattern="/admin/**" access="hasRole('ADMIN')" 
		/> <form-login login-page="/login"/> <logout /> </http> -->

	<http auto-config="true">
		<intercept-url pattern="/admin/**" access="hasRole('ADMIN')" />
		<intercept-url pattern="/customer/**" access="hasRole('USER', 'ADMIN')" />
		<form-login login-page="/login"
			default-target-url="/user/viewProducts" authentication-failure-url="/login?error"
			username-parameter="username" password-parameter="password" />
		<logout logout-success-url="/login?logout" />
	</http>

	<authentication-manager>
		<authentication-provider>
			<!-- <user-service> <user name="rahul" password="admin" authorities="ROLE_ADMIN"/> 
				</user-service> -->
			<jdbc-user-service data-source-ref="dataSource"
				users-by-username-query="select email,password,enabled from User where email=?"
				authorities-by-username-query="select email,role from User where email=?" />
		</authentication-provider>
	</authentication-manager>
</beans:beans>